-- phpMyAdmin SQL Dump
-- version 5.1.1
-- https://www.phpmyadmin.net/
--
-- Host: 127.0.0.1
-- Waktu pembuatan: 07 Mar 2023 pada 15.36
-- Versi server: 10.4.22-MariaDB
-- Versi PHP: 8.1.2

SET SQL_MODE = "NO_AUTO_VALUE_ON_ZERO";
START TRANSACTION;
SET time_zone = "+00:00";


/*!40101 SET @OLD_CHARACTER_SET_CLIENT=@@CHARACTER_SET_CLIENT */;
/*!40101 SET @OLD_CHARACTER_SET_RESULTS=@@CHARACTER_SET_RESULTS */;
/*!40101 SET @OLD_COLLATION_CONNECTION=@@COLLATION_CONNECTION */;
/*!40101 SET NAMES utf8mb4 */;

--
-- Database: `sistem_lelang`
--

-- --------------------------------------------------------

--
-- Struktur dari tabel `history_lelang`
--

CREATE TABLE `history_lelang` (
  `id_history` int(11) NOT NULL,
  `id_lelang` int(11) NOT NULL,
  `id_barang` int(11) NOT NULL,
  `id_user` int(11) NOT NULL,
  `penawaran_harga` int(20) NOT NULL
) ENGINE=InnoDB DEFAULT CHARSET=utf8mb4;

--
-- Dumping data untuk tabel `history_lelang`
--

INSERT INTO `history_lelang` (`id_history`, `id_lelang`, `id_barang`, `id_user`, `penawaran_harga`) VALUES
(11, 6, 1, 1, 95000000),
(12, 9, 16, 18, 10500000),
(13, 9, 16, 8, 103000000);

-- --------------------------------------------------------

--
-- Struktur dari tabel `tb_barang`
--

CREATE TABLE `tb_barang` (
  `id_barang` int(11) NOT NULL,
  `nama_barang` varchar(25) NOT NULL,
  `tgl` date NOT NULL,
  `harga_awal` int(20) NOT NULL,
  `deskripsi_barang` varchar(100) NOT NULL,
  `gambar` varchar(20) NOT NULL
) ENGINE=InnoDB DEFAULT CHARSET=utf8mb4;

--
-- Dumping data untuk tabel `tb_barang`
--

INSERT INTO `tb_barang` (`id_barang`, `nama_barang`, `tgl`, `harga_awal`, `deskripsi_barang`, `gambar`) VALUES
(1, 'Vespa classic ', '2022-02-02', 90000000, 'Vespa tahun 1990 masih bagus mesin juga oke', '16448279769361.jpg'),
(2, 'Honda CBR 2021', '2022-02-23', 10000000, 'No minus barang bagus udah full service', '16448279768971.jpg'),
(3, 'Zeep Style', '2022-02-08', 20000000, 'Barang bagus loh', '1644827976888.jpg'),
(4, 'Harley', '2022-02-14', 120000000, 'pokoknya bagus bro', '16448279769191.jpg'),
(16, 'motor', '2022-03-24', 10000000, 'motor bagus no minus', '42562424652.jpg');

-- --------------------------------------------------------

--
-- Struktur dari tabel `tb_lelang`
--

CREATE TABLE `tb_lelang` (
  `id_lelang` int(11) NOT NULL,
  `id_barang` int(11) NOT NULL,
  `tgl_lelang` date NOT NULL,
  `harga_akhir` int(20) DEFAULT NULL,
  `id_user` int(11) DEFAULT NULL,
  `id_petugas` int(11) DEFAULT NULL,
  `status` enum('dibuka','ditutup') NOT NULL
) ENGINE=InnoDB DEFAULT CHARSET=utf8mb4;

--
-- Dumping data untuk tabel `tb_lelang`
--

INSERT INTO `tb_lelang` (`id_lelang`, `id_barang`, `tgl_lelang`, `harga_akhir`, `id_user`, `id_petugas`, `status`) VALUES
(6, 1, '2022-03-20', 95000000, 1, 1, 'ditutup'),
(7, 2, '2022-03-20', NULL, NULL, 1, 'dibuka'),
(8, 3, '2022-03-23', NULL, NULL, 1, 'dibuka'),
(9, 16, '2022-03-24', NULL, NULL, 1, 'dibuka');

-- --------------------------------------------------------

--
-- Struktur dari tabel `tb_level`
--

CREATE TABLE `tb_level` (
  `id_level` int(11) NOT NULL,
  `level` enum('administrator','petugas') NOT NULL
) ENGINE=InnoDB DEFAULT CHARSET=utf8mb4;

--
-- Dumping data untuk tabel `tb_level`
--

INSERT INTO `tb_level` (`id_level`, `level`) VALUES
(1, 'petugas'),
(2, 'administrator');

-- --------------------------------------------------------

--
-- Struktur dari tabel `tb_masyarakat`
--

CREATE TABLE `tb_masyarakat` (
  `id_user` int(11) NOT NULL,
  `nama_lengkap` varchar(25) NOT NULL,
  `username` varchar(25) NOT NULL,
  `password` varchar(50) NOT NULL,
  `telp` varchar(25) NOT NULL
) ENGINE=InnoDB DEFAULT CHARSET=utf8mb4;

--
-- Dumping data untuk tabel `tb_masyarakat`
--

INSERT INTO `tb_masyarakat` (`id_user`, `nama_lengkap`, `username`, `password`, `telp`) VALUES
(1, 'Masyarakat Loh', 'masyarakat', 'd9a8c6c010a37fdc9850fe6d8c064880', '081232222'),
(8, 'Rifki Firansah', 'rifki', '7eb6fb982bdf46685e3083fcd42d8cf0', '0893030993'),
(9, 'Mu\'arif', 'mu\'arif', '7c6d315a5aef641084a942a94544a638', '081253623'),
(17, 'iqbal s', 'iqbal', '5c2fb951458b57e8e049d48a55cdddad', '085912332'),
(18, 'alif', 'alif', 'f553aa35c5fac63fc6e1c81f3b45b58c', '08110109108');

-- --------------------------------------------------------

--
-- Struktur dari tabel `tb_petugas`
--

CREATE TABLE `tb_petugas` (
  `id_petugas` int(11) NOT NULL,
  `nama_petugas` varchar(25) NOT NULL,
  `username` varchar(25) NOT NULL,
  `password` varchar(50) NOT NULL,
  `id_level` int(11) NOT NULL
) ENGINE=InnoDB DEFAULT CHARSET=utf8mb4;

--
-- Dumping data untuk tabel `tb_petugas`
--

INSERT INTO `tb_petugas` (`id_petugas`, `nama_petugas`, `username`, `password`, `id_level`) VALUES
(1, 'Rifki Firansah', 'petugas', '570c396b3fc856eceb8aa7357f32af1a', 1),
(24, 'Rifki Firansah', 'admin', '0192023a7bbd73250516f069df18b500', 2);

--
-- Indexes for dumped tables
--

--
-- Indeks untuk tabel `history_lelang`
--
ALTER TABLE `history_lelang`
  ADD PRIMARY KEY (`id_history`),
  ADD KEY `history_lelang_ibfk_1` (`id_user`),
  ADD KEY `history_lelang_ibfk_2` (`id_barang`),
  ADD KEY `history_lelang_ibfk_3` (`id_lelang`);

--
-- Indeks untuk tabel `tb_barang`
--
ALTER TABLE `tb_barang`
  ADD PRIMARY KEY (`id_barang`);

--
-- Indeks untuk tabel `tb_lelang`
--
ALTER TABLE `tb_lelang`
  ADD PRIMARY KEY (`id_lelang`),
  ADD KEY `tb_lelang_ibfk_1` (`id_barang`),
  ADD KEY `tb_lelang_ibfk_2` (`id_user`),
  ADD KEY `tb_lelang_ibfk_3` (`id_petugas`);

--
-- Indeks untuk tabel `tb_level`
--
ALTER TABLE `tb_level`
  ADD PRIMARY KEY (`id_level`);

--
-- Indeks untuk tabel `tb_masyarakat`
--
ALTER TABLE `tb_masyarakat`
  ADD PRIMARY KEY (`id_user`);

--
-- Indeks untuk tabel `tb_petugas`
--
ALTER TABLE `tb_petugas`
  ADD PRIMARY KEY (`id_petugas`),
  ADD KEY `id_level` (`id_level`);

--
-- AUTO_INCREMENT untuk tabel yang dibuang
--

--
-- AUTO_INCREMENT untuk tabel `history_lelang`
--
ALTER TABLE `history_lelang`
  MODIFY `id_history` int(11) NOT NULL AUTO_INCREMENT, AUTO_INCREMENT=14;

--
-- AUTO_INCREMENT untuk tabel `tb_barang`
--
ALTER TABLE `tb_barang`
  MODIFY `id_barang` int(11) NOT NULL AUTO_INCREMENT, AUTO_INCREMENT=17;

--
-- AUTO_INCREMENT untuk tabel `tb_lelang`
--
ALTER TABLE `tb_lelang`
  MODIFY `id_lelang` int(11) NOT NULL AUTO_INCREMENT, AUTO_INCREMENT=10;

--
-- AUTO_INCREMENT untuk tabel `tb_level`
--
ALTER TABLE `tb_level`
  MODIFY `id_level` int(11) NOT NULL AUTO_INCREMENT, AUTO_INCREMENT=3;

--
-- AUTO_INCREMENT untuk tabel `tb_masyarakat`
--
ALTER TABLE `tb_masyarakat`
  MODIFY `id_user` int(11) NOT NULL AUTO_INCREMENT, AUTO_INCREMENT=19;

--
-- AUTO_INCREMENT untuk tabel `tb_petugas`
--
ALTER TABLE `tb_petugas`
  MODIFY `id_petugas` int(11) NOT NULL AUTO_INCREMENT, AUTO_INCREMENT=25;

--
-- Ketidakleluasaan untuk tabel pelimpahan (Dumped Tables)
--

--
-- Ketidakleluasaan untuk tabel `history_lelang`
--
ALTER TABLE `history_lelang`
  ADD CONSTRAINT `history_lelang_ibfk_1` FOREIGN KEY (`id_user`) REFERENCES `tb_masyarakat` (`id_user`) ON DELETE CASCADE ON UPDATE CASCADE,
  ADD CONSTRAINT `history_lelang_ibfk_2` FOREIGN KEY (`id_barang`) REFERENCES `tb_barang` (`id_barang`) ON DELETE CASCADE ON UPDATE CASCADE,
  ADD CONSTRAINT `history_lelang_ibfk_3` FOREIGN KEY (`id_lelang`) REFERENCES `tb_lelang` (`id_lelang`) ON DELETE CASCADE ON UPDATE CASCADE;

--
-- Ketidakleluasaan untuk tabel `tb_lelang`
--
ALTER TABLE `tb_lelang`
  ADD CONSTRAINT `tb_lelang_ibfk_1` FOREIGN KEY (`id_barang`) REFERENCES `tb_barang` (`id_barang`) ON DELETE CASCADE ON UPDATE CASCADE,
  ADD CONSTRAINT `tb_lelang_ibfk_2` FOREIGN KEY (`id_user`) REFERENCES `tb_masyarakat` (`id_user`) ON DELETE CASCADE ON UPDATE CASCADE,
  ADD CONSTRAINT `tb_lelang_ibfk_3` FOREIGN KEY (`id_petugas`) REFERENCES `tb_petugas` (`id_petugas`) ON DELETE CASCADE ON UPDATE CASCADE;

--
-- Ketidakleluasaan untuk tabel `tb_petugas`
--
ALTER TABLE `tb_petugas`
  ADD CONSTRAINT `tb_petugas_ibfk_1` FOREIGN KEY (`id_level`) REFERENCES `tb_level` (`id_level`) ON UPDATE CASCADE;
COMMIT;

/*!40101 SET CHARACTER_SET_CLIENT=@OLD_CHARACTER_SET_CLIENT */;
/*!40101 SET CHARACTER_SET_RESULTS=@OLD_CHARACTER_SET_RESULTS */;
/*!40101 SET COLLATION_CONNECTION=@OLD_COLLATION_CONNECTION */;
